<?xml version="1.0" encoding="UTF-8"?><module>
   <id>CMM_Crest-GenAI</id>
   <auto-deploy>true</auto-deploy>
   <configurations>
      
      <!-- Document Library config section -->
      <config condition="DocumentLibrary" evaluator="string-compare" replace="false">
         <aspects>
            <visible>
               <aspect label="Bedrock GenAI enhancement" name="crestBedrock:GenAI"/>
            </visible>
         </aspects>
      </config>

      <!-- Form configuration section - type -->
      
      <!-- Form configuration section - aspect -->
      <config condition="crestBedrock:GenAI" evaluator="aspect">
         <forms>
            <form>
               <field-visibility>
                  <show id="crestBedrock:summaryTime"/>
                  <show id="crestBedrock:generateSummary"/>
                  <show id="crestBedrock:responseLength"/>
                  <show id="crestBedrock:temperature"/>
                  <show id="crestBedrock:prompt"/>
                  <show id="crestBedrock:fm"/>
                  <show id="crestBedrock:summary"/>
               </field-visibility>
               <appearance>
                  <set appearance="whitespace" id="crestBedrock:GenAI_cmm_set0" template="/org/alfresco/components/form/2-column-set.ftl"/>
                  <set appearance="whitespace" id="crestBedrock:GenAI_cmm_set1" template="/org/alfresco/components/form/2-column-wide-left-set.ftl"/>
                  <set appearance="whitespace" id="crestBedrock:GenAI_cmm_set2"/>
                  <field id="crestBedrock:generateSummary" set="crestBedrock:GenAI_cmm_set0">
                  </field>
                  <field id="crestBedrock:summaryTime" set="crestBedrock:GenAI_cmm_set0">
                  </field>
                  <field id="crestBedrock:prompt" set="crestBedrock:GenAI_cmm_set1">
                     <control template="/org/alfresco/components/form/controls/textarea.ftl">
                     </control>
                  </field>
                  <field id="crestBedrock:fm" set="crestBedrock:GenAI_cmm_set1">
                  </field>
                  <field id="crestBedrock:responseLength" set="crestBedrock:GenAI_cmm_set0">
                  </field>
                  <field id="crestBedrock:summary" set="crestBedrock:GenAI_cmm_set2">
                     <control template="/org/alfresco/components/form/controls/textarea.ftl">
                     </control>
                  </field>
                  <field id="crestBedrock:temperature" set="crestBedrock:GenAI_cmm_set0">
                  </field>
               </appearance>
            </form>
         </forms>
      </config>
      
      <!-- Entity form designer configuration -->
      <config condition="FormDefinition" evaluator="string-compare">
         <form-definition id="GenAI">[{"elementconfig":{"label":"","appearance":"bordered-panel"},"pseudonym":"cmm/editor/layout/2cols","label":"cmm.form-editor.palette.two-column","type":["layout"],"column":[{"pseudonym":"cmm/editor/property/datetime","id":"crestBedrock:summaryTime","elementconfig":{"infoname":"summaryTime","infolabel":"Summarization Time","infotype":"d:datetime"},"label":"Summarization Time [summaryTime]","type":["property"]},{"pseudonym":"cmm/editor/property/boolean","id":"crestBedrock:generateSummary","elementconfig":{"infoname":"generateSummary","infolabel":"Enable AI generated summary","infotype":"d:boolean"},"label":"Enable AI generated summary [generateSummary]","type":["property"]},{"pseudonym":"cmm/editor/property/int","id":"crestBedrock:responseLength","elementconfig":{"infoname":"responseLength","infolabel":"Response Length","infotype":"d:int"},"label":"Response Length [responseLength]","type":["property"]},{"pseudonym":"cmm/editor/property/float","id":"crestBedrock:temperature","elementconfig":{"infoname":"temperature","infolabel":"Temperature","infotype":"d:float"},"label":"Temperature [temperature]","type":["property"]}]},{"elementconfig":{"label":"","appearance":"bordered-panel"},"pseudonym":"cmm/editor/layout/2colswideleft","label":"cmm.form-editor.palette.two-column-wide-left","type":["layout"],"column":[{"pseudonym":"cmm/editor/property/text","id":"crestBedrock:prompt","elementconfig":{"infoname":"prompt","infolabel":"Prompt to FM","infotype":"d:text","controltype":"textarea","for-mode":"any","style":"","styleclass":"","read-only":false,"force":false,"hidden":false},"label":"Prompt to FM [prompt]","type":["property"],"alfValidForm":true},{"pseudonym":"cmm/editor/property/text","id":"crestBedrock:fm","elementconfig":{"infoname":"fm","infolabel":"Foundation Model","infotype":"d:text"},"label":"Foundation Model [fm]","type":["property"]}]},{"elementconfig":{"label":"","appearance":"bordered-panel"},"pseudonym":"cmm/editor/layout/1cols","label":"cmm.form-editor.palette.one-column","type":["layout"],"column":[{"pseudonym":"cmm/editor/property/text","id":"crestBedrock:summary","elementconfig":{"infoname":"summary","infolabel":"Summary","infotype":"d:text","controltype":"textarea","for-mode":"any","style":"","styleclass":"","read-only":false,"force":false,"hidden":false},"label":"Summary [summary]","type":["property"],"alfValidForm":true}]}]</form-definition>
      </config>

   </configurations>
</module>
